bib-key,github
ablin20a,https://github.com/tomMoral/diffopt
agarwal20c,https://github.com/google-research/batch_rl
ahmaditeshnizi20a,https://github.com/teshnizi/LazyIter
ahn20a,https://github.com/ssahn0215/learning_what_to_defer
ahuja20a,https://github.com/IBM/IRM-games
alaa20a,https://github.com/ahmedmalaa/deep-learning-uncertainty
alaa20b,https://github.com/ahmedmalaa/deep-learning-uncertainty
alami20a,https://github.com/Ralami1859/Restarted-BOCPD
alexandari20a,https://github.com/kundajelab/labelshiftexperiments
alon20a,https://github.com/tech-srl/slm-code-generation/
amin20a,https://github.com/suamin/LowFER
amit20a,https://github.com/ron-amit/Discount_as_Regularizer
amizadeh20a,https://github.com/microsoft/DFOL-VQA
amos20a,https://github.com/facebookresearch/dcem
anand20a,https://github.com/keertian/Customizing_ML_Pred_Online_Alg
anders20a,https://github.com/fairwashing/fairwashing
anokhin20a,https://github.com/avecplezir/distribution-based-connectivity.git
antoniadis20a,https://github.com/adampolak/mts-with-predictions
asim20a,https://github.com/CACTuS-AI/GlowIP
ayoub20a,https://github.com/aa14k/Exploration-in-RL
azencot20a,https://github.com/erichson/koopmanAE
backurs20a,https://github.com/ilyaraz/ot_estimators
bahng20a, https://github.com/clovaai/rebias
baker20a,https://github.com/dnbaker/minocore/releases/tag/icml2020
ball20a,https://github.com/fiorenza2/ReadyPolicyOne
ballu20a,https://github.com/marinballu/regularized-wasserstein-estimator
bao20a,https://github.com/microsoft/unilm
bars20a,https://github.com/BatisteLB/TVI-FL
belilovsky20a,https://github.com/eugenium/DGL
bender20a,https://github.com/lupalab/diverse_defense
bengio20a,https://github.com/bengioe/interference_and_generalization_in_td
bennett20a,https://github.com/CausalML/ESPRM
berrada20a,https://github.com/oval-group/ali-g
bertrand20a,https://github.com/QB3/sparse-ho
bianchi20a,https://github.com/FilippoMB/Spectral-Clustering-with-Graph-Neural-Networks-for-Graph-Pooling
bica20a,https://github.com/ioanabica/Time-Series-Deconfounder
bielik20a,https://github.com/eth-sri/robust-code
bierkens20a,https://github.com/jbierkens/ICML-boomerang
blondel20a,https://github.com/google-research/fast-soft-sort
blumenfeld20a,https://github.com/yanivbl6/BeyondSigProp
boehmer20a,https://github.com/wendelinboehmer/dcg
bogatskiy20a,https://github.com/ fizisist/LorentzGroupNetwork
bojchevski20a,https://www.daml.in.tum.de/sparse_smoothing
boopathy20a,https://github.com/AkhilanB/Proper-Interpretability
bordelon20a,https://github.com/Pehlevan-Group/NTK_Learning_Curves
bose20a,https://github.com/joeybose/HyperbolicNF
bower20a,https://github.com/Amandarg/salient_features
bras20a,https://github.com/allenai/aflite-public
brekelmans20a,https://github.com/vmasrani/tvo_all_in
brennan20a,https://github.com/jenniferbrennan/CountingDiscoveries/
breuer20a,https://github.com/submodularcode/about
brockschmidt20a,https://github.com/microsoft/tf-gnn-samples
bronskill20a,https://github.com/cambridge-mlg/cnaps
brown20a,https://github.com/dsbrown1331/bayesianrex
brubach20a,https://github.com/chakrabarti/pairwise_fairness
bruinsma20a,https://github.com/wesselb/oilmm
buhai20a,https://github.com/clinicalml/overparam
buyl20a,https://bitbucket.org/ghentdatascience/debayes-public
cabannnes20a,https://github.com/VivienCabannes/partial_labelling
caccia20a,https://github.com/pclucas14/adaptive-quantization-modules
calandriello20a,https://github.com/luigicarratino/batch-bkb
calder20a,https://github.com/jwcalder/GraphLearning
campos20a,https://github.com/victorcampos7/edl
cauwet20a,https://github.com/facebookresearch/nevergrad
celis20a,https://github.com/vijaykeswani/Fair-Max-Entropy-Distributions
chalasani20a,https://github.com/jfc43/advex
chandak20a,https://github.com/yashchandak/OptFuture_NSMDP
chang20b,https://github.com/mbchang/decentralized_rl
chang20c,https://github.com/code-terminator/invariant_rationalization
chaudhary20a,https://github.com/YatinChaudhary/NCLM
chauhan20a,https://github.com/lakshaykc/lfm_quant
chen20b,https://github.com/TAMU-VITA/Self-PU
chen20c,https://github.com/xinshi-chen/l2stop
chen20e,https://github.com/LiqunChen0606/Graph-Optimal-Transport
chen20f,https://github.com/xiangning-chen/SmoothDARTS
chen20g,https://github.com/ckzbullbullet/TP-N2F
chen20h,https://github.com/claying/GCKN
chen20j,https://github.com/google-research/simclr
chen20k,https://github.com/binghong-ml/retro_star
chen20l,https://github.com/chentingpc/dpq_embedding_compression
chen20n,https://github.com/keroro824/AVH
chen20p,https://github.com/thu-ml/vflow
chen20s,https://github.com/openai/image-gpt
chen20t,https://github.com/johnchenresearch/NS3L
chen20v,https://github.com/chennnM/GCNII
chen20w,https://github.com/cyz-ai/attack_DGM
chen20x,https://github.com/NVlabs/ASG
cheng20b,https://github.com/Linear95/CLUB
chhaya20a,https://github.com/supratim05/Streaming-Coresets-for-Symmetric-Tensor-Factorization
chhaya20b,https://github.com/RachitChhaya/RegularizedRegressionCoresets
chiplunkar20a,https://github.com/sagark4/fair_k_center
choi20a,https://github.com/ermongroup/fairgen
choi20b,https://goo.gl/magenta/music-transformer-autoencoder-code
chu20a,https://github.com/YangLin122/JRD
chu20b,https://github.com/djchu/projontol1inf
chuang20a,https://github.com/chingyaoc/estimating-generalization
cicalese20a,https://github.com/sfilhofreitas/TeachingWithLimitedKnowledge
cilingir20a,https://github.com/kubrac/Deep_Bregman
claici20a,https://github.com/IBM/KL-fusion
cobbe20a,https://github.com/openai/procgen
cohen20b,https://github.com/samcohen16/Healing-POEs-ICML
collobert20a,https://github.com/facebookresearch/wav2letter
combettes20a,https://github.com/cyrillewcombettes/boostfw
cornish20a,https://github.com/jrmcornish/cif
cosentino20a,https://github.com/Koldh/LearnableGroupTransform-TimeSeries
crane20a,https://github.com/RixonC/DINO
creager20a,https://github.com/ecreager/causal-dyna-fair
croce20a,https://github.com/fra31/fab-attack
croce20b,https://github.com/fra31/auto-attack
curtis20a,https://github.com/neuroailab/CuriousSamplePlanner
cutkosky20b,https://github.com/google-research/google-research/tree/master/nigt_optimizer
cuturi20a,https://github.com/google-research/google-research/tree/master/soft_sort
d'ascoli20a,https://github.com/mariaref/Random_Features.git
dai20a,https://github.com/daizhongxiang/R2-B2
dai20b,https://github.com/google-research/google-research/tree/master/bigg
dalmasso20a,https://github.com/Mr8ND/ACORE-LFI
dangnhu20a,https://github.com/eth-sri/probabilistic-forecasts-attacks
deavilabelbuteperes20a,https://github.com/locuslab/cfd-gcn
debenedetto20a,https://github.com/jdebened/ComplexDeepSets
decarolis20a,https://github.com/umd-huang-lab/private-topic-model-tensor-methods
degenne20b,https://bitbucket.org/wmkoolen/tidnabbil/src/master/regret_games_paper/
delbridge20a,https://github.com/idelbrid/Randomly-Projected-Additive-GPs
deng20b,https://github.com/gaoliyao/Replica_Exchange_Stochastic_Gradient_MCMC
dhouib20a,https://github.com/sofiendhouib/minimax_OT
dhouib20b,https://github.com/sofiendhouib/MADAOT
djuric20a,https://github.com/djurikom/BudgetedSVM
doikov20a,https://github.com/doikov/dynamic-accuracies
dong20c,https://github.com/shwinshaker/LipGrow
dong20d,https://github.com/roosephu/boots
dong20e,https://github.com/google-research/google-research/tree/master/snlds
duan20a,https://github.com/stanfordmlgroup/ngboost
duan20c,https://github.com/saeednj/BMMSAT
duan20d,https://github.com/duanby/i-FWER
dupont20a,https://github.com/apple/ml-equivariant-neural-rendering
durkan20a,https://github.com/conormdurkan/lfi
dusenberry20a,https://github.com/google/edward2
dvurechensky20a,https://github.com/kamil-safin/SCFW
edwards20a,https://github.com/uber-research/D3G
elmachtoub20a,https://github.com/rtm2130/SPOTree
elsayed20a,https://github.com/google-research/google-research/tree/master/low_rank_local_connectivity
emami20a,https://github.com/melikaemami/Generalization-Error-of-GLMs
engstrom20a,https://git.io/data-rep-analysis
evci20a,https://github.com/google-research/rigl
fahrbach20a,https://github.com/fahrbach/icml-2020-faster-graph-embeddings
fajtl20a,https://github.com/ok1zjf/lbae
farquhar20a,https://github.com/TorchCraft/TorchCraftAI/tree/gas-micro
fedus20a,https://github.com/google-research/google-research/tree/master/experience_replay
ferragina20a,https://github.com/gvinciguerra/Learned-indexes-effectiveness
fiez20a,https://github.com/fiezt/ICML-2020-Implicit-Stackelberg-Learning
filos20a,https://github.com/OATML/oatomobile/
finlay20a,https://github.com/cfinlay/ffjord-rnode
finzi20a,https://github.com/mfinzi/LieConv
fischer20a,https://github.com/johannes-fischer/icml2020_ipft
fisher20a,https://github.com/fisherd3/fdm
fountoulakis20a,https://github.com/s-h-yang/pNormFlowDiffusion
franceschi20a,https://github.com/edouardelasalles/srvp
frank20a,https://github.com/RUB-SysSec/GANDCTAnalysis
freeman20a,https://github.com/charapod/noregr-and-ic
fu20a,https://github.com/HazyResearch/flyingsquid
fu20b,https://github.com/TAMU-VITA/AGD
fu20d,https://github.com/DessiLBI2020/DessiLBI
fujii20a,https://github.com/fujiik/local_search
gain20a,https://github.com/alexgain/cna-icml2020
garg20a,https://github.com/dair-iitd/symnet
ghari20a,https://github.com/pouyamghari/OMKL-GF_ICML_2020
ghasemi20a,https://github.com/MahsaGhasemi/task-oriented-perception-and-planning
ghassami20a,https://github.com/syanga/dglearn
ghiassian20a,https://github.com/rlai-lab/Regularized-GradientTD
ghorbani20a,https://github.com/amiratag/DistributionalShapley
gittens20a,https://github.com/kaggour/CPD-MWU
golany20a,https://github.com/tomerGolany/sim_gan
goldblum20a,https://github.com/goldblum/FeatureClustering
golikov20a,https://github.com/deepmipt/research/tree/master/Infinite_Width_Limits_of_Neural_Classifiers
gopi20a,https://github.com/heyyjudes/differentially-private-set-union
gordonrodriguez20a,https://github.com/cunningham-lab/cb_and_cc
gorinova20a,https://github.com/mgorinova/autoreparam
gottesman20a,https://github.com/dtak/interpretable_ope_public.git
gottipati20a,https://github.com/99andBeyond/Apollo1060
gouvert20a,https://github.com/Oligou/OrdNMF
goyal20a,https://github.com/IBM/PoWER-BERT
goyal20b,https://github.com/princeton-vl/PackIt
goyal20c,https://github.com/microsoft/EdgeML
graßhoff20a,github.com/ime-luebeck/non-stationary-phase-gp-mod
grazzi20a,https://github.com/prolearner/hypertorch
greenfeld20a,https://github.com/danielgreenfeld3/XIC
gropp20a,https://github.com/amosgropp/IGR
guo20a,https://github.com/Dan123dan/rGBN-RNN
guo20b,https://github.com/guoyongcs/CNAS
guo20c,https://github.com/facebookresearch/certified-removal
guo20d,https://github.com/CR-Gjx/LTF-Label-Transformation-Framework
guo20f,https://github.com/ZhishuaiGuo/DistributedAUC
guo20h,https://github.com/google-research/google-research/tree/master/scann
guo20i,https://github.com/guolz-ml/DS3L
gupta20a,https://github.com/pgcool/Lifelong-Neural-Topic-Modeling
haba20a,https://github.com/ehsankazemi/streamingkextendible
hacohen20a,https://github.com/GuyHacohen/neural_network_share_classification_order
halabi20a,https://github.com/marwash25/non-sub-min
han20a,https://github.com/insuhan/polytensorsketch
hao20a,https://github.com/ucsdyi/data_amplification
hao20b,https://github.com/tjuHaoXiaotian/ICML-2020-MSBCB
harutyunyan20a,https://github.com/hrayrhar/limit-label-memorization
hasani20a,https://github.com/mlech26l/ordinary_neural_circuits
hasanzadeh20a,https://github.com/armanihm/GDC
hassani20a,https://github.com/kavehhassani/mvgrl
hata20a,https://github.com/KyushuUniversityMathematics/DANCAR
hazimeh20a,https://github.com/google-research/google-research/tree/master/tf_trees
heckel20a,https://github.com/MLI-lab/cs_deep_decoder
hejna20a,https://github.com/jhejna/hierarchical_morphology_transfer
heo20a,https://github.com/jayheo/IAL
hermans20a,https://github.com/montefiore-ai/hypothesis
hinder20a,https://github.com/FabianHinder/DAWIDD
hiranandani20a,https://github.com/gaurush-hiranandani/pap-k
hoang20c,https://github.com/qhoangdl/paradise
hofer20a,https://github.com/c-hofer/topologically_densified_distributions
hofer20b,https://github.com/c-hofer/graph_filtration_learning
hoffmann20a, https://github.com/basusoumya/EpidemicMixture/
horn20a,https://github.com/BorgwardtLab/Set_Functions_for_Time_Series
hornakova20a,https://github.com/AndreaHor/LifT_Solver
hron20a,https://github.com/google/neural-tangents
hsieh20a,https://github.com/kevinhsieh/non_iid_dml
hu20b,https://github.com/google-research/xtreme
huang20a, https://github.com/gaosh/MBPG
huang20b,https://github.com/Leonardo-H/DR-PG
huang20c,https://github.com/huangsicong/rate_distortion
huang20d,https://huangwl18.github.io/modular-rl/
huang20f,https://github.com/layer6ai-labs/T-Fixup
huang20h,https://github.com/moqingyan/object_reference_synthesis
huang20j,https://github.com/TLMichael/Acc-SZOFW
huang20k,https://github.com/GlenHGHUANG/Deep_graph_random_process
huynh20a,https://github.com/trihuynh88/multigrid_mem
ishida20a,https://github.com/takashiishida/flooding
izmailov20a,https://github.com/izmailovpavel/flowgmm
jain20b,https://github.com/clvrai/new-actions-rl
janati20a,https://github.com/hichamjanati/debiased-ot-barycenters
jayaram20a,https://github.com/jthickstun/basis-separation
jeon20a,https://github.com/cutz-j/T-GD
jia20a,https://github.com/SeanJia/InfoMCR
jiang20a,https://github.com/google-research/google-research/tree/master/adaptive_surrogates
jiang20b,https://github.com/shalijiang/bo
jiang20d,https://github.com/xiangdal/implicit_alignment
jin20a,https://github.com/wengong-jin/hgraph2graph
jin20b,https://github.com/wengong-jin/multiobj-rationale
johnson20b,https://github.com/riejohnson/gulf
jolicoeurmartineau20a,https://github.com/AlexiaJM/relativistic-f-divergences
joo20a,https://github.com/tjoo512/belief-matching-framework
jordan20a,https://github.com/ScottJordan/EvaluationOfRLAlgs
jørgensen20a,https://github.com/JorgensenMart/Wishart-priored-SDE
jubran20a,https://github.com/muradtuk/Sets-clustering
jun20a,https://github.com/openai/distribution_augmentation
jurgenson20a,https://github.com/tomjur/SGT-PG.git
kadri20a,https://github.com/Stef-hub/partial_trace_kraus
kalatzis20a,https://github.com/dimkal89/rvae
kanade20a,https://github.com/google-research/google-research/tree/master/cubert
kasai20a,https://github.com/facebookresearch/DisCo
katharopoulos20a,https://github.com/idiap/fast-transformers
kato20a,https://github.com/keizokato/RaDOGAGA
kersting20a,https://github.com/pnkraemer/differentiable_likelihoods
kharitonov20a,https://github.com/facebookresearch/EGG/tree/master/egg/zoo/language_bottleneck
kharkovskii20a,https://github.com/Mitan/po-gp-ucb
khetarpal20a,https://github.com/deepmind/deepmind-research/tree/master/affordances_theory
khim20a,https://github.com/leqiliu/rank-weighted-learning
kim20a,https://github.com/wnstlr/FACT
kim20b,https://github.com/snu-mllab/PuzzleMix
kim20d,https://github.com/KAIST-AILab/VIFLE
kleinegesse20a,https://github.com/stevenkleinegesse/minebed
koh20a,https://github.com/yewsiang/ConceptBottleneck
kohl20a,https://github.com/tum-pbs/LSIM
kolobov20a,https://github.com/microsoft/Optimal-Freshness-Crawl-Scheduling
kong20b,https://github.com/Lingkai-Kong/SDE-Net
kristiadi20a,https://github.com/wiseodd/last_layer_laplace
kumar20b,https://github.com/alevine0/smoothingGenGaussian
kumar20c,https://github.com/p-lambda/gradual_domain_adaptation
kunin20a,https://github.com/neuroailab/neural-alignment
kusupati20a,https://github.com/RAIVNLab/STR
kuznetsov20a,https://github.com/bayesgroup/tqc
kwon20a,https://github.com/ykwon0407/wdro_local_perturbation
lai20b,https://github.com/hanglai/bmpo
lakkaraju20a,https://github.com/lvhimabindu/robust-stable-explanations
laskin20a,https://github.com/MishaLaskin/curl
le20a,https://github.com/LeThiKhanhHien/IBPG
le20b,https://github.com/thaihungle/SAM
lee20b,https://github.com/DLR-RM
lee20c,https://github.com/hankook/SLA
lee20d,https://github.com/KAIST-AILab/BOPAH
lee20g,https://github.com/younggyoseo/CaDM
lee20h,https://github.com/chl8856/AC_TPC
lee20i,https://github.com/Chanwoost/tensorordinal
li20a,https://github.com/lupalab/ACFlow
li20b,http://www.github.com/leepei/madpqn/
li20d,https://github.com/timlee0212/PENNI
li20e,https://github.com/homles11/IE-Skips
li20f,https://github.com/liqing-ustc/NGS
li20i,https://xiao.ac/proj/msp
li20k,https://github.com/steveli/partial-encoder-decoder
li20l,https://github.com/minogame/icml2020-TNGA
liang20a,https://github.com/tim-learn/SHOT
liang20b,https://var-skip.github.io/
lim20a,https://github.com/lim0606/pytorch-ardae-vae
lin20d,https://github.com/yorkerlin/iBayesLRule
lin20e,https://github.com/fjxmlzn/InfoGAN-CR
lin20f,https://github.com/zhixuan-lin/G-SWM
lin20g,https://github.com/Jimmy-Lin/GeneralizedOptimalSparseDecisionTrees
lioutas20a,https://github.com/lioutasb/TaLKConvolutions
liu20d,https://github.com/selwyn96/Quant_CS
liu20e,https://github.com/gohsyi/PeerLoss
liu20f,https://github.com/google-research/google-research/tree/master/cache_replacement
liu20g,https://github.com/Xi-Liu/RBMLE/
liu20h,https://github.com/thanard/hallucinative-topological-memory
liu20i,https://github.com/Liuxg16/CCGF
liu20k,https://github.com/mxjki/Median_MC_code
liu20m,https://github.com/fengliu90/DK-for-TST
liu20o,https://github.com/fmi-basel/neural-tangent-transfer
lohaus20a,https://github.com/mlohaus/SearchFair
loizou20a,https://github.com/NicolasLoizou/StochasticHamiltonian-Games
lopes20a,https://github.com/erichson/bootstrappedSVD
lou20a,https://github.com/CUVL/Differentiable-Frechet-Mean
loynd20a,https://github.com/microsoft/wmg_agent
lu20c,https://github.com/JACKHAHA363/translation_game_drift
luo20b,https://github.com/BUserName/PGL
luz20a,https://github.com/ilayluz/learning-amg
lykouris20a,https://gist.github.com/renatoppl/70d21d7ddfb38c9ffc392b91a3ba82d7
ma20a,https://github.com/mit-gfx/ContinuousParetoMTL
ma20c,https://github.com/HanxunHuangLemonBear/Active-Passive-Losses
madaan20a,https://github.com/divyam3897/ANP_VS
mahapatra20a,https://github.com/dbmptr/EPOSearch
mai20a,https://github.com/vienmai/AA-Prox
maini20a,https://github.com/locuslab/robust_union/
majumdar20a,https://anonymous.4open.science/repository/1590ffb0-aa6b-4838-9d59-ae20cdd8df11/README.md
makar20a,https://github.com/mymakar/bpo/
makkuva20a,https://github.com/AmirTag/OT-ICNN
malitsky20a,https://github.com/ymalitsky/adaptive_GD
mamou20a,https://github.com/schung039/contextual-repr-manifolds
martinez20a,https://github.com/natalialmg/MMPF
marx20a,https://github.com/charliemarx/pmtools
matsoukas20a,https://github.com/ChrisMats/seemingly_uninformative_labels
mei20a,https://github.com/HMEIatJHU/neural-datalog-through-time
menda20a,http://github.com/sisl/CEEM
meng20a,https://github.com/team-approx-bayes/BayesBiNN
metelli20a,https://github.com/albertometelli/pfqi
mikkola20a,https://github.com/AaltoPML/PPBO
milacski20a,https://github.com/srph25/videoonenet
miller20a,https://modestyachts.github.io/squadshifts-website/
minervini20a,http://github.com/uclnlp/ctp
misra20a,https://github.com/cereb-rl
mladenov20a,https://github.com/google-research/recsim
monfared20a,github.com/DurstewitzLab/contPLRNN
monteiro20a,https://github.com/joaomonteirof/e2e_verification
moon20a,https://github.com/daintlab/confidence-aware-learning
moor20a,https://github.com/BorgwardtLab/topological-autoencoders
mozannar20a,https://github.com/husseinmozannar/fairlearn_private_data
mozannar20b,https://github.com/clinicalml/learn-to-defer
mukherjee20a,https://github.com/mdebumich/Fair_metric_learning.git
muzellec20a,https://github.com/BorisMuzellec/MissingDataOT
nabi20a,https://gitlab.com/causal/ananke
naeem20a,https://github.com/clovaai/generative-evaluation-prdc
nazarov20a,https://github.com/ivannz/complex_paper
neel20a,https://github.com/giusevtr/private_objective_perturbation
negiar20a,https://github.com/openopt/copt
neklyudov20a,https://github.com/necludov/iMCMC
nguyen20a,https://github.com/ja-che/hidimstat/
nguyen20c,https://github.com/gear/graph-homomorphism-network
nguyen20d,https://github.com/ntienvu/KnownOptimum_BO
nguyen20e,http://github.com/nian-si/bsc
nguyen20f,https://github.com/lannn2410/streamingksubmodular
niculae20a,https://github.com/deep-spin/lp-sparsemap
nowak20a,https://github.com/alexnowakvila/maxminloss
oyallon20a,https://github.com/edouardoyallon/interferometric-graph-transform
pacchiano20a,https://github.com/ behaviorguidedRL/BGRL
pakman20a,https://github.com/aripakman/neural_clustering_process
park20a,https://github.com/Rose-STL-Lab/mrtl
pavse20a,https://github.com/LARG/PSEC-TD
peharz20a,https://github.com/cambridge-mlg/EinsumNetworks
peifer20a,https://github.com/dylanpeifer/deepgroebner
petrenko20a,https://github.com/alex-petrenko/sample-factory
pham20a,https://github.com/lntk/uot
phan20a,https://github.com/haiphanNJIT/StoBatch
ping20a,https://github.com/PaddlePaddle/Parakeet/tree/develop/examples/waveflow
pinot20a,https://github.com/MILES-PSL/Randomization-matters-How-to-defend-against-strong-adversarial-attacks
piratla20a,https://github.com/vihari/csd
pitis20a,https://github.com/spitis/mrl
plumb20a,https://github.com/GDPlumb/ELDR
pong20a,https://github.com/vitchyr/rlkit/tree/v0.2.0
prillo20a,https://github.com/sprillo/softsort
prokhorenkova20a,https://github.com/Shekhale/gbnns_theory
pydi20a,https://github.com/munisreenivas/adv-risk-optimal-transport
qi20a,https://github.com/HaozhiQi/isonet
qian20a,https://github.com/auspicious3000/SpeechSplit
qiao20a,https://github.com/YilingQiao/diffsim
qu20a,https://github.com/DeepGraphLearning/FewShotRE
quinn20a,https://github.com/nphdang/DeepCoDA
rafique20a,https://github.com/Hrafique31/MALC
raghunathan20a,https://github.com/p-lambda/robust_tradeoff
raileanu20a,https://github.com/rraileanu/policy-dynamics-value-functions
rajagopal20a,https://github.com/ICIdsl/pytorch_training.git
rajeswaran20a,https://sites.google.com/view/mbrl-game
rajput20a,https://github.com/shashankrajput/SGDo
rakhsha20a,https://github.com/adishs/icml2020_rl-policy-teaching_code
real20a,https://github.com/google-research/google-research/tree/master/automl_zero
reddy20a,https://github.com/rddy/ReQueST
ren20a,https://github.com/WenboRen/Topk-Ranking-from-Pairwise-Comparisons.git
rendsburg20a,https://github.com/hheidrich/CELL
rice20a,https://github.com/ locuslab/robust_overfitting
rieger20a,https://github.com/laura-rieger/deep-explanation-penalization
roh20a,https://github.com/yuji-roh/fr-train
rolf20a,https://github.com/estherrolf/multi-objective-impact
romero20a,https://github.com/dwromero/att_gconvs
roth20a,https://github.com/Confusezius/Revisiting_Deep_Metric_Learning_PyTorch
rothchild20a,https://github.com/kiddyboots216/CommEfficient
ru20a,https://github.com/rubinxin/CoCaBO_code
rudner20a,https://bit.ly/inter-domain-dgps
sabato20a,https://github.com/sivansabato/bfa/
sablayrolles20a,http://github.com/facebookresearch/radioactive_data
saha20c,https://github.com/saharaja/ICML2020-fairness
saito20a,https://github.com/usaito/counterfactual-cv
sanchezgonzalez20a,https://github.com/deepmind/deepmind-research/tree/master/learning_to_simulate
sarafian20a,http://github.com/MorSinay/BBO
sastry20a,https://github.com/VectorInstitute/gram-ood-detection
satija20a,https://github.com/hercky/cmdps_via_bvf
schaefer20a,https://github.com/devzhk/Implicit-Competitive-Regularization
sekar20a,https://ramanans1.github.io/plan2explore/
shanahan20a,https://github.com/deepmind/deepmind-research/tree/master/PrediNet
shankar20a,https://github.com/modestyachts/neural_kernels_code
shankar20b,https://github.com/facebookresearch/CausalSkillLearning/
shankar20c,https://github.com/modestyachts/evaluating_machine_accuracy_on_imagenet
shao20a,https://github.com/Tangshitao/CENet
shao20b,https://github.com/shj1987/ControlVAE-ICML2020.git
shar20a,https://github.com/ibrahim-elshar/LBQL_ICML2020
shen20a,https://github.com/shenzy08/PDO-eConvs
shen20c,https://github.com/shentianxiao/text-autoencoders
shen20e,https://github.com/sIncerass/powernorm/
shi20a,https://github.com/google-research/unique-randomizer
shi20b,https://github.com/yunpeng-shi/MPLS
shi20c,https://github.com/RunzheStat/TestMDP
shi20e,https://github.com/bfshi/InfoDrop
shu20a,https://github.com/VinAIResearch/PC3-pytorch
shuvo20a,https://github.com/Secure-and-Intelligent-Systems-Lab
siahkamari20a,https://github.com/Siahkamari/Piecewise-linear-regression-via-a-difference-of-convex-functions
siddique20a,https://gitlab.com/AAAL/Fair-RL
sidén20a,https://bitbucket.org/psiden/deepgmrf
simm20a,https://github.com/gncs/graphdg
simm20b,https://github.com/gncs/molgym
simsekli20a,https://github.com/umutsimsekli/fuld
singla20a,https://github.com/singlasahil14/so-robust
sinha20a,https://github.com/travelbureau/f0_icml_code/
sipple20a,https://github.com/google/madi
sixt20a,https://github.com/berleon/when-explanations-lie/
smyrnis20a,https://github.com/GeorgiosSmyrnis/multiclass_minimization_icml2020
song20a,https://github.com/ermongroup/f-wgan
song20b,https://github.com/yudasong/policy_adapt
spurek20a,https://github.com/gmum/3d-point-clouds-HyperCloud
standley20a,https://github.com/tstandley/taskgrouping
stooke20a,https://github.com/astooke/safe-rlpyt
stratos20a,https://github.com/karlstratos/ammi
stutz20a,https://github.com/davidstutz/confidence-calibrated-adversarial-training/
su20c,google-research/conqur
su20d,https://github.com/VowpalWabbit/slope-experiments
such20a,https://github.com/uber-research/GTN
sun20b,https://test-time-training.github.io/
sun20c,https://github.com/Edward-Sun/NAT-EM
sykora20a,https://github.com/uber/MARVIN
tagasovska20a,https://github.com/tagas/bQCD
tam20a,https://github.com/edrictam/FiedlerRegularization
tan20a,https://github.com/tanchongmin/DropNet
tang20c,https://github.com/shengpu1126/RL-Set-Valued-Policy
tangkaratt20a,https://github.com/voot-t/vild_code
teru20a,https://github.com/kkteru/grail
teshima20a,https://github.com/takeshi-teshima/few-shot-domain-adaptation-by-causal-mechanism-transfer
tian20a,https://github.com/facebookresearch/luckmatters
tirinzoni20a,https://github.com/AndreaTirinzoni/sequential-transfer-rl
tolooshams20a,https://github.com/btolooshams/dea
tomlinson20a,https://github.com/tomlinsonk/choice-set-opt
tong20a,https://github.com/KrishnaswamyLab/TrajectoryNet
tople20a,https://github.com/microsoft/robustdg
toth20a,github.com/tgcsaba/GPSig
tramer20a,https://github.com/ftramer/Excessive-Invariance
triastcyn20a,https://github.com/AlekseiTriastcyn/bayesian-differential-privacy
tripuraneni20a,https://github.com/nileshtrip/SPTransducPredCode
tsai20a,https://github.com/yunyuntsai/Black-box-Adversarial-Reprogramming
tsipras20a,https://github.com/MadryLab/ImageNetMultiLabel
turek20a,https://github.com/TuKo/dRNN
ustimenko20a,https://github.com/TakeOver/stochasticrank
vahdat20a,https://github.com/QuadrantAI/dvaess
vanamersfoort20a,https://github.com/y0ast/deterministic-uncertainty-quantification
vernade20a,https://sites.google.com/corp/view/bandits-delayed-feedback
vidal20a,https://github.com/vidalt/BA-Trees
vietri20b,https://github.com/giusevtr/fem
voynov20a,https://github.com/anvoynov/GANLatentDiscovery
wachi20a,https://github.com/akifumi-wachi-4/safe_near_optimal_mdp
wang20c,https://github.com/wps712/BitSplit
wang20f,https://github.com/TonghanWang/ROMA
wang20h,https://github.com/hehaodele/CIDA
wang20j,https://github.com/ucbdrive/few-shot-object-detection
wang20k,https://github.com/SsnL/align_uniform
wang20l,https://github.com/uber-research/poet
wang20m,https://github.com/YuGuangWang/HaarPool
wang20n,https://github.com/DSLLcode/DSLL
wang20o,https://github.com/BoXHED/BoXHED1.0
wang20t,http://www.cbsr.ia.ac.cn/users/xiaobowang/
wang20u,https://github.com/Jeston-de-Anda/SCBI_all
wang20w,https://github.com/wangtz1994/ACI
wang20x,https://github.com/AutumnWu/Streamlined-Off-Policy-Learning
wang200,https://github.com/YihanWang617/On-ell_p-Robustness- of-Ensemble-Stumps-and-Trees
wang201,https://github.com/Zhendong-Wang/Thompson-Sampling-via-Local-Uncertainty
wang202,https://github.com/peng8wang/Exact-Recovery-in-SBM.git
webb20a,https://github.com/taylorwwebb/learning_representations_that_support_extrapolation
wei20b,https://github.com/Vandermode/TFPnP
wei20c,https://github.com/bahh723/model-free-rl-algos
wei20d,https://github.com/cwein3/dropout-analytical
wen20b,https://github.com/junfengwen/DARN
wenliang20a,https://github.com/kevin-w-li/al-ws
wenzel20a,https://github.com/google-research/google-research/tree/master/cold_posterior_bnn
wilkinson20a,https://github.com/AaltoML/kalman-jax
williamson20a,https://github.com/bdwilliamson/spvim_supplementary
wilson20a,https://github.com/j-wilson/GPflowSampling
wu20a,https://github.com/uuujf/IterAvg
wu20b,https://github.com/thuwuyinjun/DeltaGrad
wu20c,https://github.com/uuujf/MultiNoise
wu20d,https://github.com/watml/fast-wasserstein-adversarial
wu20e,https://github.com/apeterswu/fairseq_mix
wu20f,https://github.com/nthu-datalab/Runtime-Masking-and-Cleansing
wu20g,https://github.com/SenWu/dauphin
wu20h,https://github.com/hao-w/apg-samplers
xhonneux20a,https://github.com/DeepGraphLearning/ContinuousGNN
xiao20a,https://github.com/changyi7231/MEF
xiao20b,https://github.com/google/neural-tangents/blob/master/notebooks/Disentangling_Trainability_and_Generalization.ipynb
xie20a,https://gitlab.inria.fr/jdibango/osis-dec-pomdps
xu20a,https://github.com/BorealisAI/CP-VAE
xu20b,https://github.com/neilzxu/robust_weighted_classification
xu20d,https://github.com/taufikxu/GAN_PID
xu20e,https://github.com/HongtengXu/Relational-AutoEncoders
xu20h,https://github.com/mit-gfx/PGMORL
xu20i,github.com/jinxu06/metafun-tensorflow
xu20j,https://github.com/xjwxjw/VPEG
xue20a,https://github.com/tianjuxue/AmorFEA
yamada20a,https://github.com/runopti/stg
yang20a,https://github.com/mandt-lab/vbq
yang20b,https://github.com/google-research/google-research/tree/master/ebp
yang20c,http://github.com/tonyduan/rs4a
yang20e,https://github.com/yangkevin2/icml2020-stochastic-iterative-target-augmentation
yang20g,https://github.com/minicheshire/InResNet
yang20i,https://github.com/QDPP-GitHub/QDPP
yang20j,https://github.com/yaodongyu/Rethink-BiasVariance-Tradeoff
yao20a,https://github.com/thuml/transferable-memory
yao20b,https://github.com/AutoML-4Paradigm/S2E
yasunaga20a,https://github.com/michiyasunaga/DrRepair
ye20a,https://github.com/huiyegit/APLC_XLNet
ye20b,https://github.com/lushleaf/Network-Pruning-Greedy-Forward-Selection
yoon20a,https://github.com/google-research/google-research/tree/master/dvrl
yoon20b,https://github.com/EdwinKim3069/XtarNet
you20a,https://github.com/Shen-Lab/SS-GCNs
yu20d,https://github.com/xingruiyu/GIRIL
yu20e,https://github.com/Wenhui-Yu/LCFN
yu20g,https://github.com/ermongroup/f-EBM
zambon20a,https://github.com/dzambon/graph-random-neural-features
zeng20a,https://github.com/UCLA-StarAI/mpwmi
zhan20a,https://github.com/ezhan94/calibratable-style-consistency
zhang20b,https://github.com/ForeverZyh/A3T
zhang20e,www.github.com/jesbu1/carl
zhang20g,https://github.com/JianshuZhang/TreeDecoder
zhang20k,https://github.com/zhang64-llnl/Mix-n-Match-Calibration
zhang20q,https://github.com/QiangAIResearcher/sahp_repo
zhang20r,https://github.com/ShangtongZhang/DeepRL
zhang20s,https://github.com/ShangtongZhang/DeepRL
zhang20t,https://github.com/facebookresearch/icp-block-mdp
zhang20v,https://github.com/razhangwei/CAUSE
zhang20z,https://github.com/zjfheart/Friendly-Adversarial-Training
zhang201,https://github.com/zj10/PGA
zhang203,http://www.lamda.nju.edu.cn/code_FDESL.ashx
zhang204,https://github.com/google-research/pegasus/
zhao20a,https://github.com/MiaoyunZhao/GANTransferLimitedData
zhao20c,https://github.com/huawei-noah/noah-research/tree/master/mRNN-mLSTM
zhao20d,https://github.com/YangNaruto/FQ-GAN
zhen20a,https://github.com/Yingjun-Du/MetaVRF
zheng20a,https://github.com/enosair/gdp-edgeworth
zheng20c,https://github.com/pingqingsheng/LRT
zhou20b,https://github.com/CQUlearningsystemgroup/YicongPeng
zhou20c,https://github.com/miskcoo/kscore
zhu20a,https://github.com/yinglunz/ROAI_ICML2020
zhu20c,https://github.com/lz2379/Mhealth
zhu20d,https://github.com/maxqyzhu/TS_for_mean_variance_bandit
zhu20e,https://github.com/schzhu/learning-adversarially-robust-representations
zhuang20a,https://github.com/juntang-zhuang/torch_ACA
ziko20a,https://github.com/imtiazziko/LaplacianShot
zoltowski20a,https://github.com/davidzoltowski/ssmdm
zuo20a,https://github.com/SimiaoZuo/Transformer-Hawkes-Process
