bib-key,supplementary link
cheriefabdellatif20a,https://media.icml.cc/Conferences/ICML2020/v119/cheriefabdellatif20a-supp.zip
kohler20a,https://media.icml.cc/Conferences/ICML2020/v119/kohler20a-supp.zip
alacaoglu20a,https://media.icml.cc/Conferences/ICML2020/v119/alacaoglu20a-supp.zip
atamturk20a,https://media.icml.cc/Conferences/ICML2020/v119/atamturk20a-supp.zip
axiotis20a,https://media.icml.cc/Conferences/ICML2020/v119/axiotis20a-supp.zip
balseiro20a,https://media.icml.cc/Conferences/ICML2020/v119/balseiro20a-supp.zip
bar20a,https://media.icml.cc/Conferences/ICML2020/v119/bar20a-supp.zip
bars20a,https://media.icml.cc/Conferences/ICML2020/v119/bars20a-supp.zip
basu20a,https://media.icml.cc/Conferences/ICML2020/v119/basu20a-supp.zip
bellec20a,https://media.icml.cc/Conferences/ICML2020/v119/bellec20a-supp.zip
bengs20a,https://media.icml.cc/Conferences/ICML2020/v119/bengs20a-supp.zip
brekelmans20a,https://media.icml.cc/Conferences/ICML2020/v119/brekelmans20a-supp.zip
breuer20a,https://media.icml.cc/Conferences/ICML2020/v119/breuer20a-supp.zip
brubach20a,https://media.icml.cc/Conferences/ICML2020/v119/brubach20a-supp.zip
cai20a,https://media.icml.cc/Conferences/ICML2020/v119/cai20a-supp.zip
cai20b,https://media.icml.cc/Conferences/ICML2020/v119/cai20b-supp.zip
cai20d,https://media.icml.cc/Conferences/ICML2020/v119/cai20d-supp.zip
chatziafratis20a,https://media.icml.cc/Conferences/ICML2020/v119/chatziafratis20a-supp.zip
chen20q,https://media.icml.cc/Conferences/ICML2020/v119/chen20q-supp.zip
cohen20a,https://media.icml.cc/Conferences/ICML2020/v119/cohen20a-supp.zip
crane20a,https://media.icml.cc/Conferences/ICML2020/v119/crane20a-supp.zip
croissant20a,https://media.icml.cc/Conferences/ICML2020/v119/croissant20a-supp.zip
cummings20a,https://media.icml.cc/Conferences/ICML2020/v119/cummings20a-supp.zip
dascoli20a,https://media.icml.cc/Conferences/ICML2020/v119/d'ascoli20a-supp.zip
deng20a,https://media.icml.cc/Conferences/ICML2020/v119/deng20a-supp.zip
falahatgar20a,https://media.icml.cc/Conferences/ICML2020/v119/falahatgar20a-supp.zip
franceschi20a,https://media.icml.cc/Conferences/ICML2020/v119/franceschi20a-supp.zip
futami20a,https://media.icml.cc/Conferences/ICML2020/v119/futami20a-supp.zip
gael20a,https://media.icml.cc/Conferences/ICML2020/v119/gael20a-supp.zip
ghasemi20a,https://media.icml.cc/Conferences/ICML2020/v119/ghasemi20a-supp.zip
goel20a,https://media.icml.cc/Conferences/ICML2020/v119/goel20a-supp.zip
guo20g,https://media.icml.cc/Conferences/ICML2020/v119/guo20g-supp.zip
gupta20b,https://media.icml.cc/Conferences/ICML2020/v119/gupta20b-supp.zip
han20a,https://media.icml.cc/Conferences/ICML2020/v119/han20a-supp.zip
han20d,https://media.icml.cc/Conferences/ICML2020/v119/han20d-supp.zip
hanzely20a,https://media.icml.cc/Conferences/ICML2020/v119/hanzely20a-supp.zip
hanzely20b,https://media.icml.cc/Conferences/ICML2020/v119/hanzely20b-supp.zip
heckel20a,https://media.icml.cc/Conferences/ICML2020/v119/heckel20a-supp.zip
hendrikx20a,https://media.icml.cc/Conferences/ICML2020/v119/hendrikx20a-supp.zip
huang20a,https://media.icml.cc/Conferences/ICML2020/v119/huang20a-supp.zip
huang20j,https://media.icml.cc/Conferences/ICML2020/v119/huang20j-supp.zip
jain20a,https://media.icml.cc/Conferences/ICML2020/v119/jain20a-supp.zip
jayaram20a,https://media.icml.cc/Conferences/ICML2020/v119/jayaram20a-supp.zip
jelassi20a,https://media.icml.cc/Conferences/ICML2020/v119/jelassi20a-supp.zip
jiang20b,https://media.icml.cc/Conferences/ICML2020/v119/jiang20b-supp.zip
jolicoeurmartineau20a,https://media.icml.cc/Conferences/ICML2020/v119/jolicoeurmartineau20a-supp.zip
jones20a,https://media.icml.cc/Conferences/ICML2020/v119/jones20a-supp.zip
kallus20b,https://media.icml.cc/Conferences/ICML2020/v119/kallus20b-supp.zip
kallus20c,https://media.icml.cc/Conferences/ICML2020/v119/kallus20c-supp.zip
kong20a,https://media.icml.cc/Conferences/ICML2020/v119/kong20a-supp.zip
lai20a,https://media.icml.cc/Conferences/ICML2020/v119/lai20a-supp.zip
latorre20a,https://media.icml.cc/Conferences/ICML2020/v119/latorre20a-supp.zip
li20g,https://media.icml.cc/Conferences/ICML2020/v119/li20g-supp.zip
li20h,https://media.icml.cc/Conferences/ICML2020/v119/li20h-supp.zip
li20o,https://media.icml.cc/Conferences/ICML2020/v119/li20o-supp.zip
li20q,https://media.icml.cc/Conferences/ICML2020/v119/li20q-supp.zip
lin20b,https://media.icml.cc/Conferences/ICML2020/v119/lin20b-supp.zip
liu20c,https://media.icml.cc/Conferences/ICML2020/v119/liu20c-supp.zip
mahabadi20a,https://media.icml.cc/Conferences/ICML2020/v119/mahabadi20a-supp.zip
mao20a,https://media.icml.cc/Conferences/ICML2020/v119/mao20a-supp.zip
na20a,https://media.icml.cc/Conferences/ICML2020/v119/na20a-supp.zip
nagarajan20a,https://media.icml.cc/Conferences/ICML2020/v119/nagarajan20a-supp.zip
nazarov20a,https://media.icml.cc/Conferences/ICML2020/v119/nazarov20a-supp.zip
neklyudov20a,https://media.icml.cc/Conferences/ICML2020/v119/neklyudov20a-supp.zip
nguyen20d,https://media.icml.cc/Conferences/ICML2020/v119/nguyen20d-supp.zip
nowak20a,https://media.icml.cc/Conferences/ICML2020/v119/nowak20a-supp.zip
perdomo20a,https://media.icml.cc/Conferences/ICML2020/v119/perdomo20a-supp.zip
pesme20a,https://media.icml.cc/Conferences/ICML2020/v119/pesme20a-supp.zip
roh20a,https://media.icml.cc/Conferences/ICML2020/v119/roh20a-supp.zip
rolnick20a,https://media.icml.cc/Conferences/ICML2020/v119/rolnick20a-supp.zip
rosenfeld20b,https://media.icml.cc/Conferences/ICML2020/v119/rosenfeld20b-supp.zip
ru20a,https://media.icml.cc/Conferences/ICML2020/v119/ru20a-supp.zip
sakryukin20a,https://media.icml.cc/Conferences/ICML2020/v119/sakryukin20a-supp.zip
salgia20a,https://media.icml.cc/Conferences/ICML2020/v119/salgia20a-supp.zip
salomone20a,https://media.icml.cc/Conferences/ICML2020/v119/salomone20a-supp.zip
sarafian20a,https://media.icml.cc/Conferences/ICML2020/v119/sarafian20a-supp.zip
shin20a,https://media.icml.cc/Conferences/ICML2020/v119/shin20a-supp.zip
shuvo20a,https://media.icml.cc/Conferences/ICML2020/v119/shuvo20a-supp.zip
si20a,https://media.icml.cc/Conferences/ICML2020/v119/si20a-supp.zip
sinha20a,https://media.icml.cc/Conferences/ICML2020/v119/sinha20a-supp.zip
smyrnis20a,https://media.icml.cc/Conferences/ICML2020/v119/smyrnis20a-supp.zip
standley20a,https://media.icml.cc/Conferences/ICML2020/v119/standley20a-supp.zip
su20b,https://media.icml.cc/Conferences/ICML2020/v119/su20b-supp.zip
sundararajan20a,https://media.icml.cc/Conferences/ICML2020/v119/sundararajan20a-supp.zip
tagasovska20a,https://media.icml.cc/Conferences/ICML2020/v119/tagasovska20a-supp.zip
tang20b,https://media.icml.cc/Conferences/ICML2020/v119/tang20b-supp.zip
toth20a,https://media.icml.cc/Conferences/ICML2020/v119/toth20a-supp.zip
tsuzuku20a,https://media.icml.cc/Conferences/ICML2020/v119/tsuzuku20a-supp.zip
uehara20a,https://media.icml.cc/Conferences/ICML2020/v119/uehara20a-supp.zip
vladarean20a,https://media.icml.cc/Conferences/ICML2020/v119/vladarean20a-supp.zip
wang20a,https://media.icml.cc/Conferences/ICML2020/v119/wang20a-supp.zip
wang20b,https://media.icml.cc/Conferences/ICML2020/v119/wang20b-supp.zip
wang20e,https://media.icml.cc/Conferences/ICML2020/v119/wang20e-supp.zip
wang20i,https://media.icml.cc/Conferences/ICML2020/v119/wang20i-supp.zip
wang20q,https://media.icml.cc/Conferences/ICML2020/v119/wang20q-supp.zip
wang20y,https://media.icml.cc/Conferences/ICML2020/v119/wang20y-supp.zip
wang20z,https://media.icml.cc/Conferences/ICML2020/v119/wang20z-supp.zip
xiao20a,https://media.icml.cc/Conferences/ICML2020/v119/xiao20a-supp.zip
xie20c,https://media.icml.cc/Conferences/ICML2020/v119/xie20c-supp.zip
xiong20a,https://media.icml.cc/Conferences/ICML2020/v119/xiong20a-supp.zip
xu20b,https://media.icml.cc/Conferences/ICML2020/v119/xu20b-supp.zip
xu20d,https://media.icml.cc/Conferences/ICML2020/v119/xu20d-supp.zip
xu20h,https://media.icml.cc/Conferences/ICML2020/v119/xu20h-supp.zip
zhan20a,https://media.icml.cc/Conferences/ICML2020/v119/zhan20a-supp.zip
zhang20b,https://media.icml.cc/Conferences/ICML2020/v119/zhang20b-supp.zip
zhang20d,https://media.icml.cc/Conferences/ICML2020/v119/zhang20d-supp.zip
zhang20o,https://media.icml.cc/Conferences/ICML2020/v119/zhang20o-supp.zip
zhong20a,https://media.icml.cc/Conferences/ICML2020/v119/zhong20a-supp.zip
zhuang20a,https://media.icml.cc/Conferences/ICML2020/v119/zhuang20a-supp.zip
zhuo20a,https://media.icml.cc/Conferences/ICML2020/v119/zhuo20a-supp.zip
zimmer20a,https://media.icml.cc/Conferences/ICML2020/v119/zimmer20a-supp.zip
